{"cameraMode":{"drawMode":0,"name":"Shaded","section":"Shading Mode"},"sceneLighting":true,"audioPlay":false,"sceneViewState":{"showFog":true,"showMaterialUpdate":false,"showSkybox":true,"showFlares":true,"showImageEffects":true,"showParticleSystems":true},"in2DMode":false,"pivot":{"x":-0.2149806022644043,"y":-2.18295955657959,"z":4.869420051574707},"rotation":{"x":0.10820887982845307,"y":0.6388009786605835,"z":0.09151170402765274,"w":-0.7562593221664429},"size":6.98183012008667,"orthographic":false}